Responsible Person,Region
Shoshanna Dickins,South
Mellisa Barth,East
Brit Jindrich,West
Marilin MacAlpyne,North
Karalee Sheards,East
Allison Evett,East
Pattie Orniz,South
Tyne Geerits,South
Grantham Antushev,South
Marisa Fitchet,South
Sheilakathryn Dainton,East
Gerek Saltwell,West
Annadiane Pascho,South
Les Bucknill,East
Rabi Ost,South
Julita Spurret,South
Gian Read,East
Alberta Simenot,North
Sancho Haskur,West
Mayer Baine,South
Selma Jaffra,North
Zola Heggie,North
Edee Braidford,North
Wiatt Bielby,South
Alexandr Topaz,East
Cortney Gravie,East
Hermann Bonar,North
Ram Fitzroy,West
Galven Devita,West
Delphinia Dibbin,North
Constantine Dunbar,South
Lola Treagus,North
Michelle Johananov,East
Yulma Muscroft,South
Guthrie Jurczak,South
Kirby Pestell,South
Judie Sterre,West
Retha Revington,West
Andie Springthorpe,West
Sheridan Morgen,North
Normie Lanphier,South
Trey Gratten,East
Brett Beades,East
Blaine Elfleet,North
Camile Rown,South
Rustie Shoreson,North
Onfroi Eckly,East
Britney Crenshaw,West
Sibyl McCrossan,South
Shaughn Canedo,South
Alena Michie,East
Drusilla Lafrentz,South
Zsa zsa Kryszkiecicz,West
Eunice Diter,North
Arlee Walley,North
Galvin Gibard,South
Maurie Ladbury,West
Leslie Exeter,West
Rickey Mackley,South
Korey Durand,North
Vassili Nowaczyk,East
Dianemarie Rudolf,East
Arnold Husselbee,North
Sergio Endicott,South
Priscella Billitteri,South
Sandor Ousby,South
Jecho Borsay,West
Pierette Mapledorum,East
Kaylil Badrick,North
Florence Fairney,South
Renata O'Glassane,West
Enriqueta Hendrik,East
Justen Candelin,East
Virgie Veazey,North
Eugenie Hazelgreave,South
Kit Pays,North
Paulo Setch,North
Waldemar Carthy,East
Vanya Olivie,South
Juan Vaney,West
Heida Duggan,East
Burnard Kendred,East
Babbie Ludgate,South
Lanae Downton,East
Shir Caile,West
Waldemar Paynes,West
Edmund Muldoon,East
Bancroft Jopling,West
Dugald Binding,South
Andreana Colyer,East
Bathsheba Diwell,East
Baxter Sokell,East
Pooh Phayre,East
Adolphe Cadogan,South
Cherey Breydin,South
Aharon Ipsly,West
Marchall McEachern,East
Stace Wooler,West
Steffane Moughton,South
Paton Lamburn,West
Engelbert Worden,West
Melodie Matejovsky,South
Kenyon Totaro,East
Garv Beake,North
Janis Dommersen,West
Lorenzo Bisco,West
Mal Keitch,West
Franky McGibbon,North
Quintana Ramelot,West
Valentina Avrasin,South
Jacky Redler,North
Clarke Bonett,West
Niki Bartczak,North
Raven Ladson,East
Efren Jancar,West
Aurelia De Carteret,East
Jakie Arrowsmith,South
Ethelda Tschierasche,South
Lindon Claessens,East
Pearle Nuschke,East
Horatia Tommasetti,East
Elicia Bowdrey,North
Rodina Ende,South
Shell Shury,East
Marlo Ensor,North
Augusto Angrove,North
Stephanus Rapp,East
Julian Peartree,East
Shelden Stannah,North
Wendall Ruusa,West
Evita Sibson,South
Atalanta Lenox,South
Christyna Giacobbo,West
Gery Bonny,North
Hyacinthia Melton,West
Eunice Strelitz,North
Nigel Braidford,East
Alisander Christophe,East
Ewen Gulleford,South
Hobart Mussared,South
Wendye Liffe,South
Ted Licas,South
Lennie Fuster,East
Kevin Haliburn,West
Wallis Shirlaw,East
Lorain Garms,North
Lorianne Mattholie,North
Klara Yorath,West
Ernst Storrock,West
Simonne Spawforth,West
Ange Ingram,East
Tomas Rockall,West
Findlay Riches,East
Koralle Bodell,West
Antonella Bruno,North
Bruce Drayton,South
Hughie Griggs,East
Hobard Manlow,West
Charlotte Mangon,West
Dill Havvock,North
Max Coushe,East
Syd Coda,South
Ailene Guard,East
Mignonne Hawksley,East
Vevay Glassman,North
Spense Blaszczak,East
Odille Moralis,West
Constancia Rajchert,East
Moll Bluett,North
Suzanna Petr,West
Linet Skule,West
Miof mela Ygou,South
Truman Falvey,South
Corly Barde,North
Eloise Aberkirdo,West
Valentia Luna,South
Pippa Jurick,South
Debee Ramard,South
Renell Uphill,West
Rhiamon Catlow,North
Allan Bourton,West
Moss Preist,East
Phebe Shutt,South
Morten Kubacek,West
Carling McLellan,East
Neila Healks,East
Emylee Iveans,North
Francklyn Sute,South
Dorothy Pietrzyk,East
Wilbert Holsall,North
Ralph Driuzzi,North
Augustine Bertolaccini,North
Andonis Thomasson,East
Althea Stoving,West
Kahaleel Rakes,West
Johna Petrowsky,North
Viki Yantsev,South
Cecil Mattea,South
Jacinthe Matijevic,East
Gustavo McInnes,West
Mollie Mulvany,West
Jehanna Corbett,West
Burg Dewane,East
Sasha Petigrew,South
Pauly Trippick,East
Jessalin Habbert,East
Durand Bayfield,South
Jone Eixenberger,West
Jobyna Bratt,North
Quentin Rust,South
Bobina Shallcross,East
Cecil Melia,South
Morena Prewett,West
Ivy Metzel,West
Tisha Aldrich,South
Liesa Lorking,North
Ninon Dowse,North
Bel Ditts,West
Sofia Feltham,West
Birk Barnhill,South
Billi Lycett,East
Celle Stanlike,South
Farris Borthe,East
Katleen Betz,South
Gerhardine Cohen,South
Othilia Connick,North
Hobie Parkyns,East
Chlo Darwen,East
Gerald Pantone,North
Cybill Glasson,North
Waylin Gaiford,East
Nicoline Reneke,North
Shelley Beedon,West
Emili Emons,West
Rafi Matterdace,South
Wolfie Caldron,South
Fredia Burgoine,North
Zoe Sitlinton,East
Jemmy Olufsen,East
Craggie Dingate,East
Latisha Danser,North
Giffie Zanini,West
Lottie Leveret,West
Bartlett Mobbs,South
Doralin Blakeslee,South
Valry Doy,North
Magdalena Paulson,West
Denny Sollas,West
Dorolisa Parrin,North
Carroll Pott,West
Waldo Alker,North
Shelley Koenen,South
Dav Bartaletti,South
Sol Ismirnioglou,West
Moore Toppin,East
Nelson Azema,North
Franz Gunn,South
Gunther McNair,South
Sherlocke Luciano,West
Gerty McCusker,East
Adriana Carvill,North
Honey Stuart,East
Jenny Pardal,East
Gerianna Bockett,East
Haydon Runnalls,South
Vita Brinson,East
Terrill Ashingden,North
Dew Klimek,East
Lisetta Mant,North
Candra Lusher,North
Janeen Haythornthwaite,East
Winnie Menezes,South
Ringo Denmead,South
Doti Berk,North
Robena Fulle,South
Carlene Van Saltsberg,East
Phillip Stanning,South
Aldridge Loeber,South
Vivian Brealey,West
Marjie Littlejohns,West
Travus Northcliffe,South
Lon Myford,South
Bailie Heigho,West
Malcolm Thayre,North
Andree Frail,North
Innis Avent,North
Modesty MacMakin,North
Kane Borgne,West
Felita Heephy,West
Aldrich Stopforth,East
Rikki Cicchelli,North
Moritz Janicijevic,West
Katey Izatt,North
Hyacintha Winward,East
Maryellen Feria,South
Stanton Tatersale,South
Tadeas Cockings,South
Berton Andrioni,West
Emlynn Randal,West
Othilia Pinsent,West
Ashly Penman,North
Aimil McQuade,South
Evelyn Stealy,West
Neel Kasher,East
Krishna Goulder,North
Raimund Tonbridge,West
Janek Hunnam,West
Abey Fice,North
Keary Duffit,North
Peterus Full,West
Farly Hollow,East
Fedora Aspy,South
Annecorinne Pruce,East
Jonah Morford,East
Arlie Punchard,East
Rosie Hattiff,West
Ardelle Bracegirdle,East
Marketa Bang,East
Chiquita Blackmore,East
Jemmie Olivier,West
Adrienne Evenett,South
Sky Cayford,West
Georgeanne Mallall,North
Arlin Cary,East
Justinian Clowsley,South
Lorraine Kilcullen,East
Meggy Kibblewhite,West
Barbee Skeggs,East
Charissa Lippi,North
Griffie Lancetter,West
Sybyl Bickersteth,West
Barnabe Rosen,South
Stinky Newburn,North
Kinny Balazot,East
Rosabel Dreghorn,North
Ave Sparks,West
Merwyn Grewar,East
Kym Yushachkov,West
Sonia Bythell,West
Ernest Hagstone,West
Alison Hacaud,West
Merrily Shevell,North
Caty Naseby,West
Packston Levison,East
Laura Guidini,North
Julee Hudson,South
Malory Baseggio,South
Lazar Douglas,West
Briney Goodlife,South
Kalli Gash,West
Muffin Geikie,East
Liam Ind,East
Westbrooke McComiskie,North
Thedric Cahillane,North
L;urette Maingot,North
Estevan Sedgefield,North
Tobye Mac,East
Ingamar Petley,West
Elenore Dreini,South
Haley Burgill,West
Bonni Boothe,East
Hillier MacGow,North
Wynne Corking,South
Bertha Swadden,North
Diann Penkethman,South
Kim Hedon,West
Bernhard Orneles,North
Berti Glynne,South
Mordy Artois,West
Moe Bradberry,South
Kacie Clempton,North
Izabel Curling,East
Beauregard Kroon,South
Rosalinde Shadbolt,West
Karney Petford,South
Robina Mattam,North
Betti Burren,West
Correy Micah,East
Vilhelmina Lefley,West
Annamaria Filippello,West
Tine Sture,South
Lemmy Danielis,South
Basilius Eliesco,South
Alfredo Panks,East
Marina Tarrier,North
Bronny Toe,West
Rayshell Matthews,North
Fernanda De Micoli,South
Ximenez Guillain,North
Alexander Sleightholm,North
Eachelle Lembrick,North
Bartlet Moogan,North
Mile Paddefield,West
Park Frentz,North
Brandon Emberton,North
Natty Batch,South
Bessie Alekseicik,East
Udale O'Dea,West
Gregg Callam,East
Angelo Mattson,South
Sibyl Khomin,South
Ainslie Garmey,South
Thorndike Boerder,West
Tresa O'Shirine,West
Nealy Ronaldson,North
Krystalle Dulin,North
Merilyn Matyatin,West
Joceline MacKean,East
Marshal Tuckwell,North
Lucky Bengle,East
Kissie Thing,East
Saidee Daventry,South
Drake Kohler,North
Analiese Palluschek,North
Odessa Cratchley,South
Raeann Freear,North
Roderic Toping,West
Iona Olek,West
Andrea Passion,East
Jordain Windibank,South
Lula McIlhagga,East
Morty Spawton,West
Kathleen Carmichael,East
Tracie Rudsdale,South
Demetri Batch,West
De Volcker,West
Rozele Oneile,West
Aggi Chelnam,North
Angus Gladyer,East
Ragnar Botright,South
Annette Wasielewski,East
Kalinda Sherewood,North
Chanda Semechik,South
Lynne Yong,North
Almire Middlewick,South
Etta Danford,East
Shirley Patington,East
Eleonora Bamell,East
Bradford McMullen,North
Garrik Lunge,West
Raina Ridgedell,West
Tadd Amberson,East
Fionna Gatus,West
Halsy Broseman,South
Donnell Mackerness,West
Yvonne Pollok,West
Shayne Euels,East
Augy Penfold,North
Marcelline Walles,West
Lishe Episcopio,North
Paquito Harcombe,North
Dasya De Ruggero,North
Nikita Blasi,East
Judd Marquez,East
Syd Scorey,North
Allis Josupeit,East
Emmanuel Brownsall,East
Lark Ivankovic,South
Correy Euston,East
Jennica Mingey,West
Ethel Pretti,North
Hendrick Cranmore,West
Garry Gofton,West
Hettie Trill,East
Randene Gocke,South
Amye Keysall,South
Mycah Trinbey,East
Sloan Zoane,South
Sadella Lucy,North
Edee Reary,North
Alfonse Smallshaw,East
Craggy Brittles,South
Page Handscombe,South
Vivyan Kummerlowe,West
Almeta Yitzhakov,East
Sib Polotti,North
Merv Sollon,West
Tommy Berthouloume,East
Boyce Adenet,East
Ekaterina Enoch,East
Corena Richings,North
Felice More,East
Carie Toseland,North
Wynn World,West
Leila Byrnes,East
Darcy Pusey,East
Shelley Scolli,North
Pavia Perrelli,East
Jolyn Bernat,North
Jaquenetta Giraudoux,South
Randell Cornils,South
Mala Heersema,North
Jacintha Prowting,East
Leia Seger,North
Melita Revans,South
Alfie Hegdonne,North
Clem Aleveque,East
Frederica MacAlees,East
Selestina Blake,North
Seamus Beedie,North
Wolfy Mayger,North
Yvette Drescher,South
Sharron Tink,South
Gwendolyn Ettles,North
Ty Trewett,South
Rubetta Dunklee,North
Catharine Whitfield,South
Sharleen Swatland,South
Dorine Trembey,South
Bondon Dyer,North
Carmine Stenyng,West
Gabriel Suller,East
Else Rosenbloom,North
Jule Isgar,North
Diena Fonte,North
August Tichner,East
Patrice Drei,East
Noland Cockarill,West
Kearney Jozwik,South
Tristan Jellyman,West
Parry Tilley,East
Lari Boud,West
Cary Sidaway,East
Evelina Cantrill,South
Karry Byron,East
Malva Fairchild,West
Reine Walewicz,North
Dulcea Rogerson,North
Goddart Metschke,East
Daryl Morden,South
Dre Beat,West
Frederica Purkiss,East
Konstantine Zannetti,North
Sallie Hammond,West
Morrie Farrans,North
Vivia Caldayrou,East
Selie Bowdery,South
Georgina Batiste,North
Ninette Stucksbury,West
Adelaida Heelis,East
Meggy Ramplee,South
Hasheem Meach,North
Melodee Ruddock,North
Rosita Crossgrove,North
Earl Olivas,West
Hannis Golden of Ireland,North
Paolina Arney,South
Itch Sarfat,West
Theresina Palphramand,South
Irwinn Burless,South
Renato Stambridge,West
Donaugh Breakspear,North
Brita Dooler,North
Connie Klemencic,East
Bendix Fearneley,South
Archibold Bouda,North
Sonnie Embra,South
Margret Viccars,East
Yettie Woolrich,West
Zared Treadger,West
Marleen Ebbitt,East
Fraze Dumphries,South
Benoit Trevan,East
Dniren Ungerechts,North
Felisha Lydiate,North
Yettie Filippyev,West
Obidiah Tunnadine,North
Deny Coppens,East
Marcos Lumbly,East
Robby Roberti,North
Nolan McCague,North
Yolanthe Malecky,North
Nicolais Stoney,West
Heall Corssen,South
Regina Zold,South
Norrie Chartman,East
Veronique Grummitt,South
Sally Klulik,East
Rasia Dougal,South
Denny Musla,North
Rowena Taffie,North
Tamqrah Mullane,North
Auberon Lippitt,South
Amandie Handley,East
Celine Braunle,West
Ervin Canti,West
Elle Berthot,South
Gray Martynikhin,East
Shirleen Stonhouse,South
Abba Estevez,West
Cristin Dolligon,South
Goran Yersin,West
Livvy Hazelden,East
Hakeem Oldroyde,North
Artie Stennings,East
Germain Selwood,South
Clo Cicchelli,West
Orazio Roughsedge,East
Witty Metschke,East
Gawain Kenway,West
Alva Bernth,East
Morganica Kerans,West
Ofelia Labin,South
Yorgos Aubin,North
Lazare O'Loughlin,North
Murdock Klee,West
Aubine Pointon,North
Natalina Sercombe,North
Nikolia Hazelhurst,North
Mersey Sheppey,North
Blane Layus,North
Shayla MacCartney,South
Sibyl Churching,West
Germaine Camilli,South
Gilda Ferronel,South
Hanni Tiley,North
Rupert Ivakhno,East
Adolphe Gozzard,West
Giustino Hodge,West
Dom Fairest,East
Ezmeralda Goudge,North
Kit Bridges,South
Noe Jesse,South
Gayelord Ratt,South
Israel Vale,East
Eileen Koppelmann,West
Emmaline Melbert,South
Kerwinn Runcieman,East
Thedrick Smeuin,East
Jarrod Kuhle,South
Kory Salmons,North
Teddie Martindale,North
Sander Lingwood,South
Phaidra Mewha,East
Syd Roger,North
Dacy Johl,North
Aleta Farey,West
Antone Amoss,West
Harriett Treeby,West
Buddie Leander,South
Hephzibah Frohock,West
Ailee Humberstone,South
Elysia Stoak,West
Gerek Phippard,North
Zabrina Harburtson,South
Esta Snalham,West
Shayne Have,East
Noelyn Espy,East
Rosabelle Rozea,North
Randi Fevers,East
Jacquette Grocock,West
Sisely Klammt,West
Brandyn Greenig,North
Patience Lerner,South
Querida Leathwood,South
Farrell Hoodspeth,North
Colman Moberley,West
Agnola Eddisforth,South
Fabio Bansal,South
Zenia Benkhe,West
Mallory Craydon,South
Goldi Braemer,South
Perkin Harme,South
Erv Anyene,West
Lloyd Bumphries,North
Cassius Balaison,North
Dino Vasilechko,West
Pierre Gouck,South
Hollie Outibridge,North
Merrick Benyan,South
Breena Ferron,North
Jobie Brann,South
Decca Kohring,South
Laurianne Illsley,South
Nydia MattiCCI,West
Nikki Eger,South
Rena Soppett,East
Claudelle Abbett,South
Tiffie Fidgeon,East
Bruno Morphey,West
Fredelia Sheaber,West
Daphna Enser,South
Udale Barnewall,South
Darius Speer,South
Dukey Cargon,South
Stephanie Chetwind,South
Alvie Pitchford,West
Eran Parram,East
Nollie Roney,South
Maxim Krysztofiak,South
Arabela Manby,South
Madelena Discombe,North
Gipsy Werrett,South
Ashlin Haydney,South
Susie Bacchus,South
Lennie Pigney,North
Hersch Ferran,South
Frederick Santry,South
Gillan de Mullett,North
Beryl Broxis,West
Kyla Leivers,West
Palm Marrion,North
Albie Peters,North
Ronny O'Hagerty,West
Timothy Ditter,South
Beryl de Courcey,West
Alfonso Malimoe,East
Idell Sculpher,South
Nickolas O'Kynsillaghe,East
Hodge Keedwell,North
Sherline Abelovitz,North
Bail Housiaux,West
Yehudi Knutton,West
Abraham Ratnege,South
Nestor Loutheane,South
Filbert Kulicke,East
Terry Bloore,East
Waylin Hellicar,North
Belva Fathers,East
Win Stute,West
Anissa Matelyunas,North
Jodi Ewell,East
Ashia Sauvan,South
Miranda Baumaier,North
Estell Wearn,West
Arny Chinge de Hals,North
Sharlene Douglass,South
Virginie Tilston,West
Quincy Bosomworth,East
Batholomew Ferenc,West
Hermon Mapis,South
Sheilah Doumer,North
Bernhard Trahar,West
Sharleen Lloyd,East
Lula Everitt,West
Neron Lindwall,West
Rudiger Titman,North
Maribel Barringer,South
Gerrilee Bestall,South
Nariko Whitford,South
Minni Davidesco,East
Marney Brockman,South
Clerc Klamman,East
Carmon Manginot,West
Candra Luckwell,East
Von Rohlfing,South
Bessy Dunican,South
Sharline Pittwood,North
Ardenia Carlow,West
Adiana Bromehead,West
Kattie McNeish,South
Quint Slopier,South
Nickolas Butterwick,East
Cross Crate,North
Niven Marco,North
Charissa Bristoe,West
Bernardo Melarkey,West
Ernesto Lloyds,South
Ortensia Conan,North
Terry Skyrme,East
Brynne Nani,East
Giuseppe Tunna,South
Davon Alibone,South
Fae Bortoli,South
Rip Kitchinghan,South
Catherin Shills,West
Salim Dinse,North
Laurice Spratt,East
Maryellen Etherington,West
Torey Pepper,South
Simeon Drynan,South
Margret Vittle,South
Brendan Pittaway,North
Ferdy Hildrew,East
Afton Howselee,North
Alysa Matz,North
Ariela Bollon,North
Bartolomeo Rusbridge,West
Enid Godin,North
Kristofer Oubridge,East
Atlante Fivey,North
Philis Marshallsay,West
Lacie Deeming,West
Antonella Cotterel,South
Agnola Leverton,North
Shay Virgo,East
Jordan Denerley,East
Cassey Boarer,East
Ursa Cooling,North
Leeland Kenrack,West
Seymour Glanfield,North
Trixie Di Lucia,East
Dalt Reimer,North
Heindrick Devitt,West
Stephen Darbey,North
Giselbert Benech,North
Jackelyn Saltern,East
Bibbie Brum,East
Sterne Marklow,West
Gayle Schwandner,South
Karel Samwell,East
Hedvige Ochiltree,East
Hoebart Siggery,South
Mollie Likely,North
Roy Popworth,East
Tiffani Fryer,West
Marillin Kristufek,East
Zachariah McLoney,North
Cleopatra Gould,South
Alastair Poure,East
Woody Curd,South
Iosep Lilleyman,South
Godart Reynard,North
Beniamino Yallop,East
Sid Shalloo,East
Woodrow Albury,West
Biddy Blackmoor,West
Lesly Fasset,East
Nani Vassel,East
Isadore Farlowe,East
Philip McComiskie,South
Rory Byrne,South
Larine Glavis,East
Lolly Ervin,North
Oralla Ducker,West
Tabby Hovee,East
Rivy Gaggen,North
Sly Kenforth,East
Evangelia Coard,North
Keefer Lampert,South
Hardy Betje,South
Neilla Cardello,North
Arte Matchett,South
Rosabelle Lindenbluth,West
Betty Trewartha,West
Noelle Abrahamoff,North
Gwenore Screech,East
Hercule Spradbery,West
Sammy Antognetti,West
Doti Jojic,East
Holden Brevetor,West
Ervin Godsell,West
Dominik Daudray,North
Skip Illsley,North
Shaylah Woodyear,South
Regina Yoxen,West
Yorgos Grazier,West
Delia Petchell,South
Gregory Coleborn,East
Harold Houseman,North
Burk Cannicott,South
Reeba Costi,North
Freedman Sinkins,North
Leigh Ahmad,North
Gail Macieiczyk,North
Nicky Wanklyn,West
Madlin Janoschek,South
Lorrie Rivel,West
Fanny Fine,North
Laetitia Rolin,East
Valentijn Adamthwaite,North
Wes Mulvy,South
Alwyn Noble,East
Moria Kilford,West
Stormy Counter,South
Sherill Kirsche,North
Wallis Keuneke,South
Demeter MacBain,East
Anet Espley,East
Courtnay Bere,West
Jeremias Annets,North
Tudor Darree,North
Geno Upshall,West
Staci Sigg,South
Laney Towell,East
Bethany Maydwell,North
Ned Rablan,North
Salli Crewther,North
Jane Carmel,South
Grier Barfield,West
Sergent Johnigan,North
Rosco Symes,West
Jaye Featonby,South
Algernon Petrasch,East
Rozelle Craufurd,East
Milton Huntington,West
Jard Probetts,West
Nickolaus Collibear,East
Sherwynd Attwood,North
Minna Gommowe,South
Angelo Lofting,South
Chelsea Hirche,East
Saw Smewing,South
Hamel Truin,North
Arluene Bing,East
Pail Limbourne,West
Heindrick Rego,West
Kippar Normanvell,East
Nichole Brithman,West
Mark Harmson,West
Sula Eastman,East
Hubert Jeschner,East
Sande Bangiard,East
Merrill Twiggs,South
Goran Beesey,West
Elvera Annell,South
Pearle Righy,East
Gregoor Beaulieu,East
Yulma Morfey,West
Grayce Luxen,East
Arny Rockliffe,East
Fletcher McAloren,North
Ellissa Rawnsley,North
Shayla Troth,South
Hernando MacCallester,South
Berkly Habershon,North
Jonathon Riddett,North
Clotilda Longstreeth,West
Shanna Saipy,South
Chen Rounsefell,South
Erinn Doumerc,South
Hill Cuthill,North
Lorianna Brettor,South
Kristoffer Dunridge,South
Leah Burroughes,East
Augusto Blissitt,South
Patricia Rewcastle,East
Wilone Illesley,South
Ethelin Bortolussi,East
Willis Merrett,West
Alexandr Baptie,North
Shirlene Wolfendale,North
Dexter Lurriman,South
Kassandra Whaplington,North
Kari Newiss,West
Jobyna Amorine,East
Chaunce Corless,East
Bern Ismead,South
Jodi Pitcaithley,West
Silvia Heffer,South
Clerissa Farnell,East
L;urette Gaunson,East
Dorolisa Mogg,East
Debby Ellerey,East
Petey Macklin,North
Tabby Youngman,West
Tuckie Ashforth,East
Dulcie Jayume,North
Clevey Albone,West
Jolene Bernaert,North
Calla Britten,South
Evy Gunson,North
Malinda Chilvers,North
Janeen Browett,South
Norine Janaszkiewicz,North
Gena Voak,South
Enid Koppe,West
Aldrich Stranio,West
Yovonnda Osinin,South
Pasquale Eddleston,West
Enid Arnaudet,North
Ailey Street,East
Evy Mathiassen,West
Natala Christofol,South
Crichton Guerrazzi,North
Maridel Tolotti,South
Lindi Fearenside,North
Karol Causon,East
Sashenka Dabels,South
Jacki Pereira,South
Julio Corke,North
Bernard Glassard,East
Rob Handrok,North
Leigh Olivas,South
Hallsy Spriggin,South
Valle Pevreal,North
Findlay Lowes,North
Freddy Such,East
Nanete Gammett,West
Rheta Reiner,West
Guthrie Scrauniage,North
Sloan Jeeks,North
Nesta Jahn,North
Helga Batter,South
Meir Probat,South
Mary Moyser,South
Veda Dows,West
Ricki Josling,South
Sayre Rushford,East
Karie Beaves,North
Poppy Maslin,North
Tersina Donoher,South
Lezley Gowdy,North
Abramo Narey,North
Corabelle Martijn,South
Ethelyn Wharfe,South
Lester Gutridge,East
Gerty Martinovsky,West
Benji Hylden,East
Valida Rosevear,South